{"x":-0.15294446051120759,"y":1.5641446113586426,"z":-0.3439984619617462}